{"cameraMode":{"drawMode":0,"name":"Shaded","section":"Shading Mode"},"sceneLighting":true,"audioPlay":false,"sceneViewState":{"showFog":true,"showMaterialUpdate":false,"showSkybox":true,"showFlares":true,"showImageEffects":true,"showParticleSystems":true},"in2DMode":false,"pivot":{"x":0.00916975736618042,"y":0.10362029075622559,"z":-0.03422880172729492},"rotation":{"x":-0.2208181470632553,"y":0.23910574615001679,"z":-0.055936299264431,"w":-0.9438992142677307},"size":0.8529745936393738,"orthographic":false}