{"cameraMode":{"drawMode":0,"name":"Shaded","section":"Shading Mode"},"sceneLighting":true,"audioPlay":false,"sceneViewState":{"showFog":true,"showMaterialUpdate":false,"showSkybox":true,"showFlares":true,"showImageEffects":true,"showParticleSystems":true},"in2DMode":false,"pivot":{"x":0.013764344155788422,"y":0.3186742067337036,"z":1.322212815284729},"rotation":{"x":-0.04828917607665062,"y":0.008088354021310807,"z":-0.0003901218587998301,"w":-0.9988053441047669},"size":3.9125096797943117,"orthographic":false}